participant_id	session_id	diagnosis	age	sex
sub-ADNI013S1161	ses-M00	AD	79.8	M
sub-ADNI130S4730	ses-M00	AD	81.1	F
sub-ADNI067S0828	ses-M00	AD	77.4	F
sub-ADNI062S0793	ses-M00	AD	68.9	M
sub-ADNI136S0194	ses-M00	AD	80.5	F
sub-ADNI133S1170	ses-M00	AD	72.9	M
sub-ADNI073S4853	ses-M00	AD	70.9	F
sub-ADNI130S4997	ses-M00	AD	60.6	F
sub-ADNI029S0999	ses-M00	AD	70.8	M
sub-ADNI036S0759	ses-M00	AD	81.8	F
sub-ADNI100S5106	ses-M00	AD	74.1	M
sub-ADNI037S6377	ses-M00	AD	81.6	F
sub-ADNI116S6543	ses-M00	AD	72.2	M
sub-ADNI018S5240	ses-M00	AD	62.7	F
sub-ADNI099S0372	ses-M00	AD	79.0	M
sub-ADNI009S5252	ses-M00	AD	56.5	M
sub-ADNI009S5027	ses-M00	AD	75.5	M
sub-ADNI073S5016	ses-M00	AD	64.4	F
sub-ADNI007S4568	ses-M00	AD	70.7	F
sub-ADNI036S5063	ses-M00	AD	71.5	F
sub-ADNI002S0619	ses-M00	AD	77.5	M
sub-ADNI099S0470	ses-M00	AD	86.6	F
sub-ADNI019S5012	ses-M00	AD	76.3	M
sub-ADNI023S0139	ses-M00	AD	65.9	F
sub-ADNI019S4477	ses-M00	AD	82.1	F
sub-ADNI126S0891	ses-M00	AD	79.3	F
sub-ADNI037S0627	ses-M00	AD	58.4	F
sub-ADNI094S1397	ses-M00	AD	55.1	F
sub-ADNI018S4733	ses-M00	AD	75.3	M
sub-ADNI029S1056	ses-M00	AD	71.1	F
sub-ADNI013S5071	ses-M00	AD	76.0	M
sub-ADNI023S0093	ses-M00	AD	77.2	F
sub-ADNI052S5062	ses-M00	AD	71.0	F
sub-ADNI114S6347	ses-M00	AD	85.9	M
sub-ADNI126S4494	ses-M00	AD	71.1	M
sub-ADNI029S1184	ses-M00	AD	64.4	F
sub-ADNI130S5231	ses-M00	AD	74.2	F
sub-ADNI100S1113	ses-M00	AD	79.2	F
sub-ADNI018S0335	ses-M00	AD	83.4	F
sub-ADNI100S1154	ses-M00	AD	76.6	M
sub-ADNI002S1018	ses-M00	AD	70.7	F
sub-ADNI116S1083	ses-M06	AD	72.4	F
sub-ADNI068S5206	ses-M00	AD	85.2	M
sub-ADNI022S6796	ses-M00	AD	71.7	M
sub-ADNI100S0190	ses-M00	AD	78.8	M
sub-ADNI036S4820	ses-M00	AD	85.6	F
sub-ADNI098S6655	ses-M00	AD	80.9	M
sub-ADNI082S1079	ses-M00	AD	78.0	M
sub-ADNI168S6828	ses-M00	AD	81.3	M
sub-ADNI022S0007	ses-M00	AD	75.4	M
sub-ADNI012S0689	ses-M00	AD	63.6	M
sub-ADNI037S4001	ses-M00	AD	88.5	F
sub-ADNI123S0094	ses-M00	AD	70.7	F
sub-ADNI003S1059	ses-M00	AD	84.5	F
sub-ADNI141S0852	ses-M00	AD	84.3	F
sub-ADNI027S6648	ses-M00	AD	73.4	M
sub-ADNI123S0091	ses-M00	AD	62.4	M
sub-ADNI036S6179	ses-M00	AD	79.4	M
sub-ADNI021S0343	ses-M00	AD	71.8	M
sub-ADNI027S0404	ses-M00	AD	87.8	F
sub-ADNI168S6142	ses-M00	AD	86.1	F
sub-ADNI062S0535	ses-M00	AD	76.8	M
sub-ADNI135S6687	ses-M00	AD	80.2	F
sub-ADNI027S4964	ses-M00	AD	80.9	M
sub-ADNI002S5018	ses-M00	AD	73.3	M
sub-ADNI036S1001	ses-M00	AD	69.3	M
sub-ADNI116S4732	ses-M00	AD	77.2	M
sub-ADNI037S5162	ses-M00	AD	69.3	M
sub-ADNI005S4910	ses-M00	AD	81.4	F
sub-ADNI126S6683	ses-M00	AD	66.7	M
sub-ADNI127S5058	ses-M00	AD	61.8	M
sub-ADNI005S5038	ses-M00	AD	81.5	M
sub-ADNI032S6602	ses-M00	AD	63.4	M
sub-ADNI024S4223	ses-M00	AD	75.8	M
sub-ADNI123S6825	ses-M00	AD	73.3	F
sub-ADNI057S1379	ses-M00	AD	87.7	M
sub-ADNI130S5006	ses-M00	AD	68.2	F
sub-ADNI016S6708	ses-M00	AD	56.0	M
sub-ADNI094S4282	ses-M00	AD	89.6	M
sub-ADNI067S4728	ses-M00	AD	81.9	M
sub-ADNI137S0366	ses-M00	AD	56.5	F
sub-ADNI011S0183	ses-M00	AD	72.4	F
sub-ADNI023S0084	ses-M00	AD	75.3	F
sub-ADNI011S0010	ses-M00	AD	73.9	F
sub-ADNI006S0547	ses-M00	AD	75.6	M
sub-ADNI116S4195	ses-M00	AD	62.2	M
sub-ADNI094S1164	ses-M00	AD	69.5	F
sub-ADNI005S0221	ses-M00	AD	67.4	M
sub-ADNI126S1221	ses-M00	AD	71.2	M
sub-ADNI068S5146	ses-M00	AD	72.9	F
sub-ADNI109S1157	ses-M00	AD	84.9	F
sub-ADNI002S0938	ses-M00	AD	82.2	F
sub-ADNI019S4549	ses-M00	AD	79.0	M
sub-ADNI023S4501	ses-M00	AD	79.0	M
sub-ADNI057S0474	ses-M00	AD	77.3	F
sub-ADNI094S4737	ses-M00	AD	74.3	F
sub-ADNI016S1263	ses-M00	AD	64.8	F
sub-ADNI033S1281	ses-M00	AD	77.6	F
sub-ADNI137S1041	ses-M00	AD	70.9	M
sub-ADNI127S4500	ses-M00	AD	90.3	F
sub-ADNI006S0653	ses-M00	AD	73.4	F
sub-ADNI094S4089	ses-M00	AD	73.7	M
sub-ADNI036S6231	ses-M00	AD	69.1	F
sub-ADNI002S0816	ses-M00	AD	70.8	M
sub-ADNI130S4982	ses-M00	AD	58.2	F
sub-ADNI022S0129	ses-M00	AD	80.2	F
sub-ADNI036S5112	ses-M00	AD	74.3	F
sub-ADNI082S6690	ses-M00	AD	67.7	F
sub-ADNI068S4859	ses-M00	AD	72.2	M
sub-ADNI023S5241	ses-M00	AD	87.8	M
sub-ADNI016S5251	ses-M00	AD	66.1	F
sub-ADNI005S4707	ses-M00	AD	68.0	M
sub-ADNI114S0979	ses-M00	AD	86.2	M
sub-ADNI114S6039	ses-M12	AD	57.1	M
sub-ADNI128S4792	ses-M00	AD	80.3	M
sub-ADNI027S1082	ses-M00	AD	69.5	F
sub-ADNI019S5019	ses-M00	AD	62.9	F
sub-ADNI009S5037	ses-M00	AD	67.3	M
sub-ADNI014S0328	ses-M00	AD	76.6	M
sub-ADNI005S1341	ses-M00	AD	71.6	F
sub-ADNI037S4879	ses-M00	AD	79.6	F
sub-ADNI128S0310	ses-M00	AD	82.7	M
sub-ADNI024S4905	ses-M00	AD	72.7	F
sub-ADNI009S1334	ses-M00	AD	64.2	M
sub-ADNI130S1201	ses-M00	AD	75.5	F
sub-ADNI126S4686	ses-M00	AD	71.7	M
sub-ADNI098S6601	ses-M00	AD	73.0	M
sub-ADNI128S5123	ses-M00	AD	73.5	F
sub-ADNI035S4783	ses-M00	AD	83.2	M
sub-ADNI027S1385	ses-M00	AD	69.5	F
sub-ADNI041S1368	ses-M00	AD	75.2	F
sub-ADNI016S4591	ses-M00	AD	65.9	F
sub-ADNI067S1185	ses-M00	AD	62.0	M
sub-ADNI128S0528	ses-M00	AD	70.8	F
sub-ADNI037S6216	ses-M00	AD	83.8	M
sub-ADNI031S4024	ses-M00	AD	55.9	F
sub-ADNI013S1205	ses-M00	AD	83.0	M
sub-ADNI033S1285	ses-M00	AD	80.0	F
sub-ADNI114S6595	ses-M00	AD	79.6	M
sub-ADNI019S6573	ses-M00	AD	87.7	M
sub-ADNI137S0438	ses-M00	AD	81.9	M
sub-ADNI003S5165	ses-M00	AD	78.8	M
sub-ADNI094S1102	ses-M00	AD	72.8	F
sub-ADNI137S0841	ses-M00	AD	77.0	F
sub-ADNI023S1262	ses-M00	AD	72.7	F
sub-ADNI052S4959	ses-M00	AD	77.5	M
sub-ADNI003S4136	ses-M00	AD	66.7	M
sub-ADNI128S4772	ses-M00	AD	78.7	F
sub-ADNI027S4802	ses-M00	AD	83.2	M
sub-ADNI127S5056	ses-M00	AD	85.3	M
sub-ADNI168S6754	ses-M00	AD	77.9	M
sub-ADNI123S0088	ses-M00	AD	65.6	M
sub-ADNI011S6303	ses-M00	AD	70.4	M
sub-ADNI130S1337	ses-M00	AD	71.4	M
sub-ADNI135S5015	ses-M00	AD	77.8	F
sub-ADNI032S0400	ses-M00	AD	69.2	M
sub-ADNI057S6746	ses-M00	AD	77.1	M
sub-ADNI116S0487	ses-M00	AD	76.4	M
sub-ADNI007S1248	ses-M00	AD	79.8	F
sub-ADNI014S1095	ses-M00	AD	80.3	F
sub-ADNI006S6689	ses-M00	AD	75.1	M
sub-ADNI053S1044	ses-M00	AD	65.6	M
sub-ADNI067S5205	ses-M00	AD	59.3	F
sub-ADNI068S4968	ses-M00	AD	79.1	M
sub-ADNI068S0109	ses-M00	AD	70.1	F
sub-ADNI007S5196	ses-M00	AD	72.8	F
sub-ADNI130S4660	ses-M00	AD	77.2	F
sub-ADNI135S6389	ses-M00	AD	69.7	M
sub-ADNI141S0696	ses-M00	AD	74.0	F
sub-ADNI021S0753	ses-M00	AD	65.5	M
sub-ADNI100S0743	ses-M00	AD	85.6	M
sub-ADNI127S6433	ses-M00	AD	76.4	M
sub-ADNI135S6284	ses-M00	AD	80.1	M
sub-ADNI016S5057	ses-M00	AD	75.2	M
sub-ADNI051S4980	ses-M00	AD	87.3	M
sub-ADNI014S4039	ses-M00	AD	55.9	M
sub-ADNI006S4867	ses-M00	AD	74.4	M
sub-ADNI131S5138	ses-M00	AD	60.6	M
sub-ADNI023S5120	ses-M00	AD	81.0	M
sub-ADNI033S0724	ses-M00	AD	78.6	M
sub-ADNI057S1373	ses-M00	AD	75.4	M
sub-ADNI035S0341	ses-M00	AD	74.0	M
sub-ADNI127S4940	ses-M00	AD	89.3	M
sub-ADNI023S1289	ses-M00	AD	77.4	F
sub-ADNI022S6013	ses-M00	AD	60.4	F
sub-ADNI067S0029	ses-M00	AD	64.1	M
sub-ADNI003S6264	ses-M00	AD	55.3	M
sub-ADNI029S0836	ses-M00	AD	83.1	M
sub-ADNI099S1144	ses-M00	AD	77.4	M
sub-ADNI003S1257	ses-M00	AD	84.9	M
sub-ADNI018S4696	ses-M00	AD	73.0	F
sub-ADNI137S4756	ses-M00	AD	84.2	M
sub-ADNI130S4984	ses-M00	AD	73.1	F
sub-ADNI022S0543	ses-M00	AD	72.2	F
sub-ADNI033S5087	ses-M00	AD	64.6	F
sub-ADNI123S4526	ses-M00	AD	79.4	M
sub-ADNI032S4755	ses-M00	AD	71.7	M
sub-ADNI100S0747	ses-M00	AD	72.6	M
sub-ADNI094S1402	ses-M00	AD	69.3	M
sub-ADNI305S6810	ses-M00	AD	73.2	M
sub-ADNI099S4994	ses-M00	AD	84.8	M
sub-ADNI013S0699	ses-M00	AD	82.0	M
sub-ADNI016S4009	ses-M00	AD	90.3	M
sub-ADNI012S0720	ses-M00	AD	77.4	F
sub-ADNI010S0786	ses-M00	AD	74.5	M
sub-ADNI137S4258	ses-M00	AD	75.8	M
sub-ADNI114S4379	ses-M00	AD	87.8	F
sub-ADNI127S0844	ses-M00	AD	85.3	F
sub-ADNI062S0730	ses-M00	AD	70.6	F
sub-ADNI007S4911	ses-M00	AD	74.5	M
sub-ADNI153S4172	ses-M00	AD	75.8	M
sub-ADNI127S4992	ses-M00	AD	63.7	F
sub-ADNI016S5032	ses-M00	AD	77.5	F
sub-ADNI127S6549	ses-M00	AD	66.1	M
sub-ADNI073S0565	ses-M00	AD	74.6	M
sub-ADNI036S0760	ses-M00	AD	69.4	F
sub-ADNI013S6768	ses-M00	AD	78.4	F
sub-ADNI128S1430	ses-M00	AD	83.4	F
sub-ADNI023S0078	ses-M00	AD	76.0	F
sub-ADNI094S1090	ses-M00	AD	71.3	M
sub-ADNI099S0492	ses-M00	AD	87.3	M
sub-ADNI027S0850	ses-M00	AD	78.1	M
sub-ADNI127S5028	ses-M00	AD	61.9	M
sub-ADNI135S4657	ses-M00	AD	71.5	F
sub-ADNI141S1152	ses-M00	AD	71.4	F
sub-ADNI129S6784	ses-M00	AD	82.9	M
sub-ADNI116S0370	ses-M00	AD	74.5	F
sub-ADNI018S0633	ses-M00	AD	83.3	M
sub-ADNI013S0592	ses-M00	AD	77.9	M
sub-ADNI128S4774	ses-M00	AD	85.8	M
sub-ADNI135S4863	ses-M00	AD	70.0	M
sub-ADNI023S6661	ses-M00	AD	75.0	F
sub-ADNI006S4153	ses-M00	AD	79.3	M
sub-ADNI135S4676	ses-M00	AD	78.8	M
sub-ADNI127S5067	ses-M00	AD	80.6	M
sub-ADNI011S0053	ses-M00	AD	80.1	M
sub-ADNI012S0712	ses-M00	AD	76.6	M
sub-ADNI018S0286	ses-M00	AD	65.9	M
sub-ADNI006S4192	ses-M00	AD	82.2	M
sub-ADNI116S4338	ses-M00	AD	80.5	M
sub-ADNI127S0431	ses-M00	AD	84.0	M
sub-ADNI031S1209	ses-M00	AD	72.0	F
sub-ADNI130S6072	ses-M00	AD	89.2	F
sub-ADNI021S1109	ses-M00	AD	77.8	F
sub-ADNI127S5095	ses-M00	AD	65.9	M
sub-ADNI011S4912	ses-M00	AD	69.2	F
sub-ADNI016S6839	ses-M00	AD	70.3	F
sub-ADNI011S4827	ses-M00	AD	71.0	M
sub-ADNI053S5208	ses-M00	AD	68.7	M
sub-ADNI016S4583	ses-M00	AD	86.5	M
sub-ADNI027S4938	ses-M00	AD	70.9	M
sub-ADNI019S4252	ses-M00	AD	86.5	F
sub-ADNI037S4770	ses-M00	AD	75.9	M
sub-ADNI003S4892	ses-M00	AD	75.1	F
sub-ADNI002S0955	ses-M00	AD	78.2	F
sub-ADNI067S0110	ses-M00	AD	82.6	F
sub-ADNI128S1409	ses-M00	AD	65.9	M
sub-ADNI141S1137	ses-M00	AD	81.5	F
sub-ADNI006S4546	ses-M00	AD	71.0	M
sub-ADNI007S0316	ses-M00	AD	80.9	M
sub-ADNI053S5070	ses-M00	AD	71.2	M
sub-ADNI116S4209	ses-M00	AD	77.7	F
sub-ADNI009S5224	ses-M00	AD	78.0	M
sub-ADNI005S5119	ses-M00	AD	77.0	F
sub-ADNI131S0691	ses-M00	AD	64.3	M
sub-ADNI014S4615	ses-M00	AD	86.5	M
sub-ADNI024S1171	ses-M00	AD	71.5	M
sub-ADNI082S5184	ses-M00	AD	72.5	F
sub-ADNI116S0392	ses-M00	AD	84.6	F
sub-ADNI130S5059	ses-M00	AD	72.1	M
sub-ADNI033S5017	ses-M00	AD	84.3	M
sub-ADNI114S0374	ses-M00	AD	75.9	F
sub-ADNI305S6850	ses-M00	AD	79.7	M
sub-ADNI082S1377	ses-M00	AD	82.6	M
sub-ADNI012S0803	ses-M00	AD	84.7	F
sub-ADNI094S1027	ses-M00	AD	69.1	F
sub-ADNI031S0554	ses-M00	AD	71.6	M
sub-ADNI100S0995	ses-M00	AD	78.5	F
sub-ADNI024S1307	ses-M00	AD	75.3	F
sub-ADNI109S1192	ses-M00	AD	69.6	F
sub-ADNI141S1024	ses-M00	AD	68.6	M
sub-ADNI007S1304	ses-M00	AD	74.7	F
sub-ADNI098S0884	ses-M00	AD	79.0	M
sub-ADNI033S6705	ses-M00	AD	74.9	M
sub-ADNI127S0754	ses-M00	AD	67.7	F
sub-ADNI098S4201	ses-M00	AD	64.0	F
sub-ADNI011S0003	ses-M00	AD	81.3	M
sub-ADNI021S4924	ses-M00	AD	77.3	M
sub-ADNI131S0497	ses-M00	AD	75.7	M
sub-ADNI032S1037	ses-M00	AD	73.7	M
